,metric_name,mean_0,mean_1,var_0,var_1,delta,lift,pvalue,statistic
0,Average Revenuer Per User Without Cancelllations,35.02924049114791,26.45235567274801,85678.24385367366,66817.36450137009,-8.5768848183999,-0.24484929442210798,0.3578962743580172,0.9195021848855045
0,Average Order Value,1.0,1.0,0.0,0.0,0.0,0.0,,
0,Canceled Orders per Orders,1.0,1.0,0.0,0.0,0.0,0.0,0.5205255920924144,0.6425354307181572
0,Average Revenue per Paying User Without Cancelation,35.02924049114791,26.45235567274801,85678.24385367366,66817.36450137009,-8.5768848183999,-0.24484929442210798,,
