,metric_name,lift,estimator,TPR,agreement,mean_0,mean_1,var_0,var_1,delta,pvalue,statistic
0,Average Order Value,9.0,t_test,0.0,0.0,,,,,,,
1,Average Order Value,9.0,t_test,0.001,0.001,,,,,,,
0,Orders Per User,-0.042904565468005675,,,,0.02092645266151971,0.020028612303290415,0.020492699730921243,0.019631479148462288,-0.0008978403582292939,0.7535382116980084,0.3139861770982639
0,Average Order Value,-0.03499656144741936,,,,12428141.693426222,11993199.468974996,7478696894246.76,2610488500311.6924,-434942.22445122525,1.1428352765778518e-21,9.585667365581845
0,Average Revenuer per User,-0.07639961465364914,,,,260076.91881814323,240207.1424401287,10643972776145.273,5430504518062.813,-19869.776378014532,0.7285895758193233,0.34701222505691753
